Organization,Followed On
Speechify,Mon May 11 09:43:46 UTC 2026
Pixelum,Mon May 11 05:13:33 UTC 2026
Impact Loop 🇸🇪,Sun May 10 16:40:32 UTC 2026
Advice HR Consulting,Thu Apr 30 11:35:41 UTC 2026
BRAIN FIRST,Fri Apr 24 10:12:11 UTC 2026
ENDGAME,Thu Apr 23 10:28:37 UTC 2026
LinkedIn Guide to Creating,Wed Apr 22 15:59:51 UTC 2026
Notana Care,Wed Apr 22 06:10:04 UTC 2026
Nordic Angels,Tue Apr 21 14:25:15 UTC 2026
Collegial,Mon Apr 20 11:52:25 UTC 2026
Fronted,Thu Apr 16 11:17:26 UTC 2026
Encube,Wed Apr 15 08:38:57 UTC 2026
Center for Humane Technology,Mon Apr 13 13:40:21 UTC 2026
Äventyret,Mon Apr 13 08:06:28 UTC 2026
BeProud - Rekrytering med fokus på människan bakom CV:t,Sat Apr 11 08:55:14 UTC 2026
Epiminds,Fri Apr 10 07:48:09 UTC 2026
Netlight,Thu Apr 09 14:04:02 UTC 2026
Mitigram,Tue Apr 07 16:26:24 UTC 2026
Legora,Sat Apr 04 13:47:51 UTC 2026
ekip,Fri Apr 03 19:49:51 UTC 2026
Daya Ventures,Fri Apr 03 14:52:01 UTC 2026
Digitalenta,Fri Mar 27 12:42:43 UTC 2026
Above,Mon Mar 23 11:56:27 UTC 2026
Elespacio,Sun Mar 22 06:36:21 UTC 2026
Greenhouse Software,Sun Mar 22 06:17:46 UTC 2026
AI-R Design Studio,Thu Mar 19 15:45:33 UTC 2026
Vorker.ai,Mon Mar 16 18:24:38 UTC 2026
Replit,Thu Mar 12 20:18:30 UTC 2026
Ebbot,Thu Mar 12 20:18:18 UTC 2026
FleishmanHillard,Thu Mar 12 10:46:23 UTC 2026
deepsense.ai,Thu Mar 12 10:42:36 UTC 2026
IT-Högskolan,Thu Mar 12 09:01:43 UTC 2026
Voice Provider Sweden AB,Tue Mar 10 10:16:13 UTC 2026
Moriaki Web Apps,Thu Mar 05 09:50:40 UTC 2026
krea.ai,Thu Feb 26 14:00:42 UTC 2026
Speaker Academy Sweden,Wed Feb 25 09:01:50 UTC 2026
Claude,Sat Feb 21 20:05:59 UTC 2026
Design Matters 26,Mon Feb 16 18:39:14 UTC 2026
SpaceCare,Mon Feb 16 08:21:37 UTC 2026
Svea AI,Sun Feb 15 08:47:18 UTC 2026
Rebel and Bird,Fri Feb 13 14:01:47 UTC 2026
Wizardworks,Fri Feb 13 14:01:46 UTC 2026
Recursive Future,Fri Feb 13 10:35:21 UTC 2026
ElevenLabs,Thu Feb 12 12:15:16 UTC 2026
Case Study Designer,Thu Feb 12 10:40:11 UTC 2026
Y Combinator,Thu Feb 12 08:26:54 UTC 2026
Hello Roomy,Mon Feb 09 20:40:49 UTC 2026
AgentCon Stockholm,Wed Feb 04 15:38:55 UTC 2026
Whiteport Agency,Thu Jan 15 18:20:34 UTC 2026
Selma AI,Mon Jan 05 12:11:45 UTC 2026
vibecode.dev,Thu Dec 25 11:05:38 UTC 2025
Swedish Edtech Industry,Thu Dec 25 11:03:15 UTC 2025
Nimbl App,Thu Dec 11 05:58:02 UTC 2025
Snacka om AI! Podcast,Wed Dec 10 13:24:38 UTC 2025
PathPilot - Your AI-Powered Career Co-Pilot,Tue Nov 25 06:22:44 UTC 2025
LeMacon - Architecture & Interior Design,Tue Nov 18 18:33:52 UTC 2025
Leafcloud,Tue Nov 11 11:19:05 UTC 2025
Wisemind,Tue Nov 11 05:51:09 UTC 2025
UX Murder Mystery Podcast,Fri Oct 31 16:31:02 UTC 2025
Nova,Fri Oct 31 13:00:13 UTC 2025
Intersect AI,Thu Oct 30 20:16:01 UTC 2025
Simon Sinek's The Optimism Company,Wed Oct 29 15:42:24 UTC 2025
HeyGen,Tue Oct 28 13:11:52 UTC 2025
Inflight,Mon Oct 27 14:53:58 UTC 2025
Noxit,Mon Oct 27 09:57:36 UTC 2025
Altecht,Fri Oct 24 19:57:55 UTC 2025
Abundly AI,Fri Oct 24 10:10:45 UTC 2025
Tennis Inc,Wed Oct 22 06:50:36 UTC 2025
Mappi,Fri Oct 10 12:49:34 UTC 2025
Vad fan ska jag ha AI till?,Fri Oct 10 12:49:20 UTC 2025
Combient,Fri Oct 10 09:57:06 UTC 2025
v0 by Vercel,Tue Oct 07 12:25:53 UTC 2025
ProApp - Learn Design,Sun Oct 05 19:58:41 UTC 2025
Sthlm AI & Product Design Community,Thu Sep 11 16:12:07 UTC 2025
Collective Matters,Mon Aug 25 06:31:45 UTC 2025
BAITT,Sun Aug 24 18:43:55 UTC 2025
Quality Food Control,Sat Aug 23 18:56:19 UTC 2025
The Upskill Company,Fri Aug 22 10:34:38 UTC 2025
1752vc (Formerly Pegasus),Fri Aug 01 17:33:09 UTC 2025
EVE | User Experience Design Agency,Sun Jul 20 12:35:58 UTC 2025
Incredible,Wed Jul 09 10:25:28 UTC 2025
sens,Tue Jul 08 15:56:47 UTC 2025
Automatrix Innovation Pvt. Ltd.,Mon Jul 07 09:19:47 UTC 2025
HeyDesigner,Thu Jul 03 19:40:28 UTC 2025
EmotiPal,Wed Jul 02 11:00:22 UTC 2025
Synthesia,Thu Jun 26 06:30:41 UTC 2025
Relevance AI,Thu Jun 19 12:56:59 UTC 2025
Kompetensnätverk,Sat Jun 14 12:28:35 UTC 2025
Blue Veins,Sat Jun 14 12:28:30 UTC 2025
Beyond UX Design Podcast,Mon Jun 09 17:57:28 UTC 2025
Trustyou,Sun Jun 08 18:41:43 UTC 2025
Squarify,Sun Jun 08 12:04:49 UTC 2025
ProtoPie,Sat Jun 07 17:58:53 UTC 2025
Knack konsulter & rekrytering,Fri Jun 06 12:49:11 UTC 2025
Lyssna,Fri Jun 06 04:43:12 UTC 2025
Startup Ranking,Thu Jun 05 06:05:31 UTC 2025
Kartel.ai,Wed Jun 04 20:08:12 UTC 2025
DesignQA.com,Thu May 29 20:26:01 UTC 2025
AI for Humans,Fri May 23 08:32:25 UTC 2025