Login Date,IP Address,User Agent,Login Type
Tue May 21 19:48:24 UTC 2024,2a02:aa1:1648:759a:8151:2e3f:35dc:c30f,LIAuthLibrary:44.0.* com.linkedin.LinkedIn:9.29.6896 iPhone:17.4.1,Login
Fri Jun 14 17:13:47 UTC 2024,151.177.61.198,LIAuthLibrary:44.0.* com.linkedin.LinkedIn:9.29.7936 iPhone:17.5.1,Login
Sun Jul 21 07:46:46 UTC 2024,151.177.52.58,"Mozilla/5.0 (iPhone; CPU iPhone OS 17_5_1 like Mac OS X) AppleWebKit/605.1.15 (KHTML, like Gecko) Version/17.5 Mobile/15E148 Safari/604.1",Login
Mon Jul 22 13:41:25 UTC 2024,151.177.52.58,"Mozilla/5.0 (Macintosh; Intel Mac OS X 10_15_7) AppleWebKit/537.36 (KHTML, like Gecko) Chrome/126.0.0.0 Safari/537.36",Login
Mon Jul 29 11:36:23 UTC 2024,2a02:aa1:1645:1f57:69d3:f404:c2f4:92cc,"Mozilla/5.0 (iPhone; CPU iPhone OS 17_5_1 like Mac OS X) AppleWebKit/605.1.15 (KHTML, like Gecko) Version/17.5 Mobile/15E148 Safari/604.1",Login
Mon Aug 12 16:51:00 UTC 2024,2a02:aa1:114a:dabc:4c29:9bfa:7192:c453,"Mozilla/5.0 (iPhone; CPU iPhone OS 17_5_1 like Mac OS X) AppleWebKit/605.1.15 (KHTML, like Gecko) Version/17.5 Mobile/15E148 Safari/604.1",Login
Wed Aug 21 10:57:21 UTC 2024,188.149.229.237,"Mozilla/5.0 (iPhone; CPU iPhone OS 17_5_1 like Mac OS X) AppleWebKit/605.1.15 (KHTML, like Gecko) Version/17.5 Mobile/15E148 Safari/604.1",Login
Fri Sep 13 10:44:23 UTC 2024,188.149.229.237,"Mozilla/5.0 (iPhone; CPU iPhone OS 17_6_1 like Mac OS X) AppleWebKit/605.1.15 (KHTML, like Gecko) Version/17.6 Mobile/15E148 Safari/604.1",Login
Sun Sep 22 07:17:47 UTC 2024,188.149.229.237,"Mozilla/5.0 (iPhone; CPU iPhone OS 17_7 like Mac OS X) AppleWebKit/605.1.15 (KHTML, like Gecko) Version/17.7 Mobile/15E148 Safari/604.1",Login
Mon Sep 23 11:00:18 UTC 2024,188.149.229.237,"Mozilla/5.0 (Macintosh; Intel Mac OS X 10_15_7) AppleWebKit/537.36 (KHTML, like Gecko) Chrome/129.0.0.0 Safari/537.36",Login
Wed Sep 25 08:23:09 UTC 2024,188.149.229.237,"Mozilla/5.0 (iPhone; CPU iPhone OS 17_7 like Mac OS X) AppleWebKit/605.1.15 (KHTML, like Gecko) Version/17.7 Mobile/15E148 Safari/604.1",Login
Thu Sep 26 20:34:28 UTC 2024,188.149.229.237,"Mozilla/5.0 (Macintosh; Intel Mac OS X 10_15_7) AppleWebKit/537.36 (KHTML, like Gecko) Chrome/129.0.0.0 Safari/537.36",Login
Thu Sep 26 20:34:33 UTC 2024,188.149.229.237,"Mozilla/5.0 (Macintosh; Intel Mac OS X 10_15_7) AppleWebKit/537.36 (KHTML, like Gecko) Chrome/129.0.0.0 Safari/537.36",Login
Mon Sep 30 08:31:19 UTC 2024,188.149.229.237,"Mozilla/5.0 (iPhone; CPU iPhone OS 18_0 like Mac OS X) AppleWebKit/605.1.15 (KHTML, like Gecko) Version/18.0 Mobile/15E148 Safari/604.1",Login
Mon Sep 30 08:31:29 UTC 2024,188.149.229.237,"Mozilla/5.0 (iPhone; CPU iPhone OS 18_0 like Mac OS X) AppleWebKit/605.1.15 (KHTML, like Gecko) Version/18.0 Mobile/15E148 Safari/604.1",Login
Mon Sep 30 10:08:08 UTC 2024,188.149.229.237,"Mozilla/5.0 (Macintosh; Intel Mac OS X 10_15_7) AppleWebKit/537.36 (KHTML, like Gecko) Chrome/129.0.0.0 Safari/537.36",Login
Mon Sep 30 18:55:52 UTC 2024,188.149.229.237,"Mozilla/5.0 (Macintosh; Intel Mac OS X 10_15_7) AppleWebKit/537.36 (KHTML, like Gecko) Chrome/129.0.0.0 Safari/537.36",Login
Mon Oct 14 09:18:59 UTC 2024,188.149.229.237,"Mozilla/5.0 (Macintosh; Intel Mac OS X 10_15_7) AppleWebKit/537.36 (KHTML, like Gecko) Chrome/129.0.0.0 Safari/537.36",Login
Sun Oct 20 15:51:32 UTC 2024,188.149.229.237,"Mozilla/5.0 (Macintosh; Intel Mac OS X 10_15_7) AppleWebKit/537.36 (KHTML, like Gecko) Chrome/130.0.0.0 Safari/537.36",Login
Tue Oct 29 14:03:01 UTC 2024,188.149.229.237,"Mozilla/5.0 (iPhone; CPU iPhone OS 18_0_1 like Mac OS X) AppleWebKit/605.1.15 (KHTML, like Gecko) Version/18.0.1 Mobile/15E148 Safari/604.1",Login
Fri Nov 15 09:39:03 UTC 2024,188.149.229.237,"Mozilla/5.0 (Macintosh; Intel Mac OS X 10_15_7) AppleWebKit/537.36 (KHTML, like Gecko) Chrome/131.0.0.0 Safari/537.36",Login
Fri Nov 15 09:39:04 UTC 2024,188.149.229.237,"Mozilla/5.0 (Macintosh; Intel Mac OS X 10_15_7) AppleWebKit/537.36 (KHTML, like Gecko) Chrome/131.0.0.0 Safari/537.36",Login
Wed Jan 08 08:52:59 UTC 2025,188.149.229.237,"Mozilla/5.0 (Macintosh; Intel Mac OS X 10_15_7) AppleWebKit/537.36 (KHTML, like Gecko) Chrome/131.0.0.0 Safari/537.36",Login
Thu Jan 09 10:35:40 UTC 2025,188.149.229.237,"Mozilla/5.0 (Macintosh; Intel Mac OS X 10_15_7) AppleWebKit/537.36 (KHTML, like Gecko) Chrome/131.0.0.0 Safari/537.36",Login
Tue Jan 14 15:14:35 UTC 2025,188.149.229.237,"Mozilla/5.0 (Macintosh; Intel Mac OS X 10_15_7) AppleWebKit/537.36 (KHTML, like Gecko) Chrome/131.0.0.0 Safari/537.36",Login
Tue Jan 14 15:31:22 UTC 2025,188.149.229.237,"Mozilla/5.0 (Macintosh; Intel Mac OS X 10_15_7) AppleWebKit/537.36 (KHTML, like Gecko) Chrome/131.0.0.0 Safari/537.36",Login
Mon Jan 20 10:23:39 UTC 2025,188.149.229.237,"Mozilla/5.0 (Macintosh; Intel Mac OS X 10_15_7) AppleWebKit/537.36 (KHTML, like Gecko) Chrome/132.0.0.0 Safari/537.36",Login
Mon Jan 20 14:52:49 UTC 2025,188.149.229.237,"Mozilla/5.0 (Macintosh; Intel Mac OS X 10_15_7) AppleWebKit/537.36 (KHTML, like Gecko) Chrome/132.0.0.0 Safari/537.36",Login
Mon Jan 27 12:58:29 UTC 2025,188.149.229.237,"Mozilla/5.0 (Macintosh; Intel Mac OS X 10_15_7) AppleWebKit/537.36 (KHTML, like Gecko) Chrome/132.0.0.0 Safari/537.36",Login
Tue Jan 28 08:24:23 UTC 2025,188.149.229.237,"Mozilla/5.0 (Macintosh; Intel Mac OS X 10_15_7) AppleWebKit/537.36 (KHTML, like Gecko) Chrome/132.0.0.0 Safari/537.36",Login
Tue Jan 28 08:24:28 UTC 2025,188.149.229.237,"Mozilla/5.0 (Macintosh; Intel Mac OS X 10_15_7) AppleWebKit/537.36 (KHTML, like Gecko) Chrome/132.0.0.0 Safari/537.36",Login
Tue Jan 28 12:39:53 UTC 2025,188.149.229.237,"Mozilla/5.0 (Macintosh; Intel Mac OS X 10_15_7) AppleWebKit/537.36 (KHTML, like Gecko) Chrome/132.0.0.0 Safari/537.36",Login
Wed Jan 29 14:38:43 UTC 2025,188.149.229.237,"Mozilla/5.0 (Macintosh; Intel Mac OS X 10_15_7) AppleWebKit/537.36 (KHTML, like Gecko) Chrome/132.0.0.0 Safari/537.36",Login
Thu Jan 30 06:15:35 UTC 2025,188.149.229.237,"Mozilla/5.0 (iPhone; CPU iPhone OS 18_2_1 like Mac OS X) AppleWebKit/605.1.15 (KHTML, like Gecko) Version/18.2 Mobile/15E148 Safari/604.1",Login
Mon Feb 03 17:00:27 UTC 2025,2a00:801:7ab:af6b:cc64:d49e:bf7e:9c59,"Mozilla/5.0 (iPhone; CPU iPhone OS 18_2_1 like Mac OS X) AppleWebKit/605.1.15 (KHTML, like Gecko) Version/18.2 Mobile/15E148 Safari/604.1",Login
Fri Feb 07 07:31:44 UTC 2025,188.149.229.237,"Mozilla/5.0 (iPhone; CPU iPhone OS 18_2_1 like Mac OS X) AppleWebKit/605.1.15 (KHTML, like Gecko) Version/18.2 Mobile/15E148 Safari/604.1",Login
Tue Feb 18 14:01:26 UTC 2025,188.149.51.139,"Mozilla/5.0 (Macintosh; Intel Mac OS X 10_15_7) AppleWebKit/537.36 (KHTML, like Gecko) Chrome/133.0.0.0 Safari/537.36",Login
Wed Mar 05 20:38:49 UTC 2025,188.149.51.139,"Mozilla/5.0 (iPhone; CPU iPhone OS 18_3_1 like Mac OS X) AppleWebKit/605.1.15 (KHTML, like Gecko) Version/18.3 Mobile/15E148 Safari/604.1",Login
Sat Mar 08 07:28:38 UTC 2025,188.149.51.139,"Mozilla/5.0 (iPhone; CPU iPhone OS 18_3_1 like Mac OS X) AppleWebKit/605.1.15 (KHTML, like Gecko) Version/18.3 Mobile/15E148 Safari/604.1",Login
Wed Mar 12 16:46:00 UTC 2025,188.149.51.139,"Mozilla/5.0 (Macintosh; Intel Mac OS X 10_15_7) AppleWebKit/537.36 (KHTML, like Gecko) Chrome/134.0.0.0 Safari/537.36",Login
Wed Mar 12 18:01:21 UTC 2025,188.149.51.139,"Mozilla/5.0 (Macintosh; Intel Mac OS X 10_15_7) AppleWebKit/537.36 (KHTML, like Gecko) Chrome/134.0.0.0 Safari/537.36",Login
Thu Mar 13 08:59:28 UTC 2025,188.149.51.139,"Mozilla/5.0 (Macintosh; Intel Mac OS X 10_15_7) AppleWebKit/537.36 (KHTML, like Gecko) Chrome/134.0.0.0 Safari/537.36",Login
Thu Mar 13 09:30:38 UTC 2025,188.149.51.139,"Mozilla/5.0 (Macintosh; Intel Mac OS X 10_15_7) AppleWebKit/537.36 (KHTML, like Gecko) Chrome/134.0.0.0 Safari/537.36",Login
Thu Mar 13 09:30:38 UTC 2025,188.149.51.139,"Mozilla/5.0 (Macintosh; Intel Mac OS X 10_15_7) AppleWebKit/537.36 (KHTML, like Gecko) Chrome/134.0.0.0 Safari/537.36",Login
Thu Mar 13 09:30:41 UTC 2025,188.149.51.139,"Mozilla/5.0 (Macintosh; Intel Mac OS X 10_15_7) AppleWebKit/537.36 (KHTML, like Gecko) Chrome/134.0.0.0 Safari/537.36",Login
Sat Apr 05 07:18:32 UTC 2025,188.149.51.139,"Mozilla/5.0 (Macintosh; Intel Mac OS X 10_15_7) AppleWebKit/537.36 (KHTML, like Gecko) Chrome/135.0.0.0 Safari/537.36",Login
Mon Apr 14 09:42:52 UTC 2025,188.149.51.139,"Mozilla/5.0 (Macintosh; Intel Mac OS X 10_15_7) AppleWebKit/537.36 (KHTML, like Gecko) Chrome/135.0.0.0 Safari/537.36",Login
Mon Apr 14 13:27:39 UTC 2025,188.149.51.139,"Mozilla/5.0 (Macintosh; Intel Mac OS X 10_15_7) AppleWebKit/537.36 (KHTML, like Gecko) Chrome/135.0.0.0 Safari/537.36",Login
Mon Apr 14 14:33:15 UTC 2025,188.149.51.139,"Mozilla/5.0 (Macintosh; Intel Mac OS X 10_15_7) AppleWebKit/537.36 (KHTML, like Gecko) Chrome/135.0.0.0 Safari/537.36",Login
Thu Apr 24 09:03:21 UTC 2025,188.149.51.139,"Mozilla/5.0 (Macintosh; Intel Mac OS X 10_15_7) AppleWebKit/537.36 (KHTML, like Gecko) Chrome/135.0.0.0 Safari/537.36",Login
Thu Apr 24 09:57:15 UTC 2025,188.149.51.139,"Mozilla/5.0 (Macintosh; Intel Mac OS X 10_15_7) AppleWebKit/537.36 (KHTML, like Gecko) Chrome/135.0.0.0 Safari/537.36",Login
Sat Apr 26 12:11:36 UTC 2025,188.149.51.139,"Mozilla/5.0 (Macintosh; Intel Mac OS X 10_15_7) AppleWebKit/537.36 (KHTML, like Gecko) Chrome/135.0.0.0 Safari/537.36",Login
Tue May 06 14:56:10 UTC 2025,188.149.51.139,"Mozilla/5.0 (Macintosh; Intel Mac OS X 10_15_7) AppleWebKit/537.36 (KHTML, like Gecko) Chrome/135.0.0.0 Safari/537.36",Login
Tue May 06 17:50:10 UTC 2025,188.149.51.139,"Mozilla/5.0 (Macintosh; Intel Mac OS X 10_15_7) AppleWebKit/537.36 (KHTML, like Gecko) Chrome/135.0.0.0 Safari/537.36",Login
Wed May 07 14:54:31 UTC 2025,188.149.51.139,"Mozilla/5.0 (Macintosh; Intel Mac OS X 10_15_7) AppleWebKit/537.36 (KHTML, like Gecko) Chrome/136.0.0.0 Safari/537.36",Login
Thu May 08 12:34:01 UTC 2025,188.149.51.139,"Mozilla/5.0 (Macintosh; Intel Mac OS X 10_15_7) AppleWebKit/537.36 (KHTML, like Gecko) Chrome/136.0.0.0 Safari/537.36",Login
Thu May 08 14:22:26 UTC 2025,188.149.51.139,"Mozilla/5.0 (Macintosh; Intel Mac OS X 10_15_7) AppleWebKit/537.36 (KHTML, like Gecko) Chrome/136.0.0.0 Safari/537.36",Login
Fri May 16 08:22:44 UTC 2025,188.149.51.139,"Mozilla/5.0 (Macintosh; Intel Mac OS X 10_15_7) AppleWebKit/537.36 (KHTML, like Gecko) Chrome/136.0.0.0 Safari/537.36",Login
Fri May 16 08:44:25 UTC 2025,188.149.51.139,"Mozilla/5.0 (Macintosh; Intel Mac OS X 10_15_7) AppleWebKit/537.36 (KHTML, like Gecko) Chrome/136.0.0.0 Safari/537.36",Login
Fri Jun 06 15:23:00 UTC 2025,188.149.164.248,"Mozilla/5.0 (Macintosh; Intel Mac OS X 10_15_7) AppleWebKit/537.36 (KHTML, like Gecko) Chrome/137.0.0.0 Safari/537.36",Login
Fri Aug 08 15:34:20 UTC 2025,188.149.164.248,"Mozilla/5.0 (Macintosh; Intel Mac OS X 10_15_7) AppleWebKit/537.36 (KHTML, like Gecko) Chrome/138.0.0.0 Safari/537.36",Login
Fri Aug 08 15:59:01 UTC 2025,188.149.164.248,"Mozilla/5.0 (Macintosh; Intel Mac OS X 10_15_7) AppleWebKit/537.36 (KHTML, like Gecko) Chrome/138.0.0.0 Safari/537.36",Login
Tue Aug 19 10:00:19 UTC 2025,188.149.164.248,"Mozilla/5.0 (Macintosh; Intel Mac OS X 10_15_7) AppleWebKit/537.36 (KHTML, like Gecko) Chrome/139.0.0.0 Safari/537.36",Login
Fri Aug 22 11:02:42 UTC 2025,188.149.164.248,"Mozilla/5.0 (Macintosh; Intel Mac OS X 10_15_7) AppleWebKit/537.36 (KHTML, like Gecko) Chrome/139.0.0.0 Safari/537.36",Login
Fri Aug 22 12:27:38 UTC 2025,188.149.164.248,"Mozilla/5.0 (Macintosh; Intel Mac OS X 10_15_7) AppleWebKit/537.36 (KHTML, like Gecko) Chrome/139.0.0.0 Safari/537.36",Login
Fri Aug 22 12:43:15 UTC 2025,188.149.164.248,"Mozilla/5.0 (Macintosh; Intel Mac OS X 10_15_7) AppleWebKit/537.36 (KHTML, like Gecko) Chrome/139.0.0.0 Safari/537.36",Login
Fri Aug 22 12:43:16 UTC 2025,188.149.164.248,"Mozilla/5.0 (Macintosh; Intel Mac OS X 10_15_7) AppleWebKit/537.36 (KHTML, like Gecko) Chrome/139.0.0.0 Safari/537.36",Login
Fri Aug 29 07:50:36 UTC 2025,188.149.164.248,"Mozilla/5.0 (Macintosh; Intel Mac OS X 10_15_7) AppleWebKit/605.1.15 (KHTML, like Gecko) Version/18.5 Safari/605.1.15",Login
Wed Sep 03 12:37:47 UTC 2025,188.149.164.248,Mozilla/5.0 (Macintosh; Intel Mac OS X 10.15; rv:142.0) Gecko/20100101 Firefox/142.0,Login
Mon Sep 08 08:48:03 UTC 2025,188.149.164.248,"Mozilla/5.0 (Macintosh; Intel Mac OS X 10_15_7) AppleWebKit/537.36 (KHTML, like Gecko) Chrome/139.0.0.0 Safari/537.36",Login
Tue Sep 09 10:19:32 UTC 2025,155.4.199.54,Mozilla/5.0 (Macintosh; Intel Mac OS X 10.15; rv:142.0) Gecko/20100101 Firefox/142.0,Login
Tue Sep 09 10:19:45 UTC 2025,155.4.199.54,Mozilla/5.0 (Macintosh; Intel Mac OS X 10.15; rv:142.0) Gecko/20100101 Firefox/142.0,Login
Tue Sep 09 10:19:58 UTC 2025,155.4.199.54,Mozilla/5.0 (Macintosh; Intel Mac OS X 10.15; rv:142.0) Gecko/20100101 Firefox/142.0,Login
Fri Oct 24 22:40:45 UTC 2025,188.149.164.248,"Mozilla/5.0 (iPhone; CPU iPhone OS 18_7 like Mac OS X) AppleWebKit/605.1.15 (KHTML, like Gecko) Version/26.0.1 Mobile/15E148 Safari/604.1",Login
Wed Oct 29 06:25:22 UTC 2025,83.254.226.7,"Mozilla/5.0 (iPhone; CPU iPhone OS 18_7 like Mac OS X) AppleWebKit/605.1.15 (KHTML, like Gecko) Version/26.0.1 Mobile/15E148 Safari/604.1",Login
Wed Oct 29 11:04:20 UTC 2025,83.254.226.7,"Mozilla/5.0 (Macintosh; Intel Mac OS X 10_15_7) AppleWebKit/537.36 (KHTML, like Gecko) Chrome/141.0.0.0 Safari/537.36",Login
Fri Jan 02 11:57:54 UTC 2026,83.254.226.7,"Mozilla/5.0 (iPhone; CPU iPhone OS 18_7 like Mac OS X) AppleWebKit/605.1.15 (KHTML, like Gecko) Version/26.1 Mobile/15E148 Safari/604.1",Login
Fri Jan 02 12:27:33 UTC 2026,83.254.226.7,"Mozilla/5.0 (Macintosh; Intel Mac OS X 10_15_7) AppleWebKit/537.36 (KHTML, like Gecko) Chrome/143.0.0.0 Safari/537.36",Login
Mon Jan 12 19:41:05 UTC 2026,2a00:801:7a8:b07a:a9c9:e513:825:a8b6,"Mozilla/5.0 (Macintosh; Intel Mac OS X 10_15_7) AppleWebKit/537.36 (KHTML, like Gecko) Chrome/143.0.0.0 Safari/537.36",Login
Fri Mar 27 14:30:07 UTC 2026,83.254.226.7,"Mozilla/5.0 (Macintosh; Intel Mac OS X 10_15_7) AppleWebKit/537.36 (KHTML, like Gecko) Chrome/145.0.0.0 Safari/537.36",Login
Fri Mar 27 14:30:08 UTC 2026,83.254.226.7,"Mozilla/5.0 (Macintosh; Intel Mac OS X 10_15_7) AppleWebKit/537.36 (KHTML, like Gecko) Chrome/145.0.0.0 Safari/537.36",Login
Fri Mar 27 14:51:49 UTC 2026,83.254.226.7,"Mozilla/5.0 (Macintosh; Intel Mac OS X 10_15_7) AppleWebKit/537.36 (KHTML, like Gecko) Chrome/145.0.0.0 Safari/537.36",Login
Fri Mar 27 14:53:03 UTC 2026,83.254.226.7,"Mozilla/5.0 (Macintosh; Intel Mac OS X 10_15_7) AppleWebKit/537.36 (KHTML, like Gecko) Chrome/145.0.0.0 Safari/537.36",Login
Mon Mar 30 10:07:49 UTC 2026,83.254.226.7,"Mozilla/5.0 (iPhone; CPU iPhone OS 18_7 like Mac OS X) AppleWebKit/605.1.15 (KHTML, like Gecko) Version/26.3 Mobile/15E148 Safari/604.1",Login
Thu Apr 16 09:42:52 UTC 2026,83.254.226.7,"Mozilla/5.0 (Macintosh; Intel Mac OS X 10_15_7) AppleWebKit/537.36 (KHTML, like Gecko) Chrome/145.0.0.0 Safari/537.36",Login
Thu Apr 16 13:01:03 UTC 2026,83.254.226.7,"Mozilla/5.0 (Macintosh; Intel Mac OS X 10_15_7) AppleWebKit/537.36 (KHTML, like Gecko) Chrome/145.0.0.0 Safari/537.36",Login
Thu Apr 16 13:01:04 UTC 2026,83.254.226.7,"Mozilla/5.0 (Macintosh; Intel Mac OS X 10_15_7) AppleWebKit/537.36 (KHTML, like Gecko) Chrome/145.0.0.0 Safari/537.36",Login
Thu Apr 16 13:01:06 UTC 2026,83.254.226.7,"Mozilla/5.0 (Macintosh; Intel Mac OS X 10_15_7) AppleWebKit/537.36 (KHTML, like Gecko) Chrome/145.0.0.0 Safari/537.36",Login
Fri May 08 10:40:53 UTC 2026,83.254.226.7,"Mozilla/5.0 (Macintosh; Intel Mac OS X 10_15_7) AppleWebKit/537.36 (KHTML, like Gecko) Chrome/147.0.0.0 Safari/537.36",Login
Fri May 08 10:40:54 UTC 2026,83.254.226.7,"Mozilla/5.0 (Macintosh; Intel Mac OS X 10_15_7) AppleWebKit/537.36 (KHTML, like Gecko) Chrome/147.0.0.0 Safari/537.36",Login
Fri May 08 19:44:50 UTC 2026,83.254.226.7,"Mozilla/5.0 (iPhone; CPU iPhone OS 18_7 like Mac OS X) AppleWebKit/605.1.15 (KHTML, like Gecko) Version/26.4 Mobile/15E148 Safari/604.1",Login
Mon May 11 09:04:28 UTC 2026,83.254.226.7,"Mozilla/5.0 (Macintosh; Intel Mac OS X 10_15_7) AppleWebKit/537.36 (KHTML, like Gecko) Chrome/147.0.0.0 Safari/537.36",Login
