Date,Status,FullName
2026-05-06 19:09:34,Active,Evelina Anttila
2026-05-03 13:22:55,Active,Johan Bellander
2026-05-02 19:24:18,Active,Stanley Vaganov
2026-04-28 05:32:17,Active,Rob Estreitinho
2026-04-26 10:07:39,Active,Philip Adler
2026-04-25 20:05:00,Active,"Denise Pilar, PhD"
2026-04-24 18:57:01,Active,Dr. Carolyn Frost
2026-04-24 17:22:33,Active,Elfried Samba
2026-04-24 07:09:18,Active,John Nosta
2026-04-21 09:46:09,Active,Annika Javestad
2026-04-20 17:46:28,Active,Yerco Sanchez
2026-04-19 08:11:05,Active,Hadar Nordin
2026-04-18 19:41:59,Active,Alex Barády
2026-04-14 12:15:12,Active,Greg Nudelman
2026-04-14 08:06:17,Active,Christopher Lind
2026-04-14 06:17:09,Active,Ola Andersson
2026-04-13 09:38:08,Active,AnnSophie Forsell
2026-04-13 08:05:05,Active,Jörgen Isaksson Jänkänpää
2026-04-11 09:46:44,Active,Lucas Camargo
2026-04-09 20:24:16,Active,Chris Madden
2026-04-09 09:50:38,Active,Enrique Marq
2026-04-08 20:23:19,Active,Charlie Lass
2026-04-08 20:22:03,Active,Hugi Aegisberg
2026-04-08 20:21:34,Active,Carole Egerton
2026-04-08 19:42:47,Active,Matt Van Horn
2026-04-08 17:01:56,Active,Jean-Baptiste Hironde
2026-04-08 16:24:52,Active,Linus Wahlstedt
2026-04-08 16:23:57,Active,Alexander Fred-Ojala
2026-04-07 16:23:07,Active,Berina Dzanic
2026-04-07 16:20:46,Active,"Adam \"AJ\" Schecter"
2026-04-07 14:48:20,Active,Vittorio Retrivi
2026-04-07 13:19:33,Active,Aino Bergius
2026-04-07 13:19:00,Active,Luke Wroblewski
2026-04-07 08:03:40,Active,Angus Carbarns
2026-04-07 05:59:31,Active,Noah Elhadedy
2026-04-07 05:59:13,Active,Chelcie Taylor
2026-04-06 17:59:56,Active,Niclas Oddsberg
2026-04-06 15:19:44,Active,Pierre Mörck
2026-04-05 09:31:41,Active,Therese Holst
2026-04-04 12:45:50,Active,Sahil Bloom
2026-04-04 07:16:56,Active,Dorota Kozlowska
2026-04-03 06:41:48,Active,Dimi Panagiotopoulos
2026-04-02 13:48:52,Active,Alexander Jansen
2026-04-01 05:48:01,Active,Sandra Domeij
2026-03-31 08:29:15,Active,Fabian Maximilian Jakobi
2026-03-31 08:18:49,Active,Alexander Chen
2026-03-31 08:17:49,Active,Zachary Winterton
2026-03-31 08:02:47,Active,Anna Branten
2026-03-26 18:41:16,Active,Arthur Chen
2026-03-26 12:28:38,Active,Jonas Nordling
2026-03-25 21:17:59,Active,John Mellkvist
2026-03-25 15:38:23,Active,Dr. Arthur Brooks
2026-03-24 07:44:44,Active,Josh Clark
2026-03-22 12:28:26,Active,Iva Buzuk
2026-03-22 09:09:26,Active,"Luiza Jarovsky, PhD"
2026-03-22 06:27:47,Active,Nicole Kaiser
2026-03-22 06:17:22,Active,Daniel Chait
2026-03-21 21:42:10,Active,Rachel Carrell
2026-03-21 11:05:43,Active,Vishal Iyer
2026-03-20 19:40:20,Active,Filip Havlena
2026-03-20 18:08:54,Active,Magnus Nilsson
2026-03-20 11:10:12,Active,Parven Kaur
2026-03-19 13:02:07,Active,Daniel Wikberg
2026-03-18 18:30:47,Active,Marie-Claire Dean
2026-03-18 13:58:14,Active,Amanda Perry
2026-03-18 13:57:22,Active,Lydia Leiwang
2026-03-17 15:31:29,Active,Johan Thulin
2026-03-17 07:02:37,Active,Nick Saraev
2026-03-17 07:02:21,Active,Björn Wahlberg
2026-03-17 05:13:03,Active,Lian Lim
2026-03-16 19:54:30,Active,Pejman Milani
2026-03-16 12:18:47,Active,Maxim Borisik
2026-03-16 11:39:18,Active,Louise Bringselius
2026-03-16 11:39:15,Active,Hanna Lyredal
2026-03-16 11:35:05,Active,Elina Johansson
2026-03-16 11:11:55,Active,Abi Awomosu
2026-03-16 11:11:42,Active,Ilya Zoria 🇺🇦
2026-03-16 11:09:07,Active,Ram  K. Sarjal
2026-03-16 11:03:13,Active,Kristian Bjørnhaug 🇵🇸
2026-03-16 11:01:11,Active,Nata Suu
2026-03-16 09:25:53,Active,Stephen Little
2026-03-14 17:58:10,Active,Marijn Markus
2026-03-14 17:57:03,Active,María H.
2026-03-13 21:37:39,Active,Anu Sauramaa
2026-03-13 17:45:29,Active,Jimmy Rahe
2026-03-12 20:22:54,Active,Jeffrey Bohannan
2026-03-12 20:19:24,Active,Felicia Ekener
2026-03-12 18:58:10,Active,Nathan Cavaglione
2026-03-12 10:44:05,Active,Pramod Pillai
2026-03-11 20:41:40,Active,Natalie Garnett
2026-03-10 09:48:59,Active,Daniel Rutks
2026-03-08 17:27:07,Active,Jakub Karlec
2026-03-06 09:50:18,Active,Konstantin Ruskikh
2026-03-04 21:23:50,Active,Tyler Germain
2026-03-04 16:49:47,Active,Allar Haltsonen
2026-03-04 14:56:53,Active,Alex Wissner-Gross
2026-03-04 11:28:15,Active,Dan Saffer
2026-03-04 09:32:40,Active,Josh Cusick
2026-03-04 09:01:51,Active,Sara Lobo
2026-03-04 09:00:23,Active,Carles Reina
2026-03-04 08:47:42,Active,Patrik Israelsson
2026-03-04 06:36:57,Active,Joonhyeok Ahn
2026-03-03 08:44:41,Active,Anna Lundqvist
2026-03-01 17:21:54,Active,Tudor Teisanu
2026-03-01 13:17:37,Active,Steffi Kieffer
2026-02-27 16:08:11,Active,Joel Kahn 🦾
2026-02-26 21:33:05,Active,Lukas Margerie
2026-02-26 15:52:58,Active,Jennifer Roebuck
2026-02-26 14:41:25,Active,Max Ropohl
2026-02-26 13:58:45,Active,Cam Sackett
2026-02-26 08:02:56,Active,Mehdy Debels
2026-02-25 22:04:07,Active,Carmen Rincon
2026-02-25 16:29:51,Active,Stephen Haney
2026-02-25 09:02:17,Active,Tom Krcha
2026-02-24 14:22:35,Active,Viktor Zhytomyrskyi
2026-02-24 14:21:03,Active,Oliwer Isaksson
2026-02-21 11:10:38,Active,Taimoor Nasir
2026-02-20 22:09:25,Active,Niko Noll
2026-02-18 18:18:57,Active,Hugo França
2026-02-18 14:34:07,Active,Lucia Velasco
2026-02-16 10:23:02,Active,Gabriel Millien
2026-02-16 06:07:58,Active,Jonas Ringheim
2026-02-14 22:02:14,Active,Jennie Kumpula
2026-02-13 18:16:40,Active,Jonas Tellander
2026-02-13 06:23:58,Active,Irvin Zhan
2026-02-12 12:14:08,Active,Linda Lingguang Li Bogardi
2026-02-11 10:34:51,Active,Malin Trygg
2026-02-10 14:06:36,Active,Linda Björck
2026-02-10 14:06:00,Active,Joakim Skog
2026-02-10 14:05:53,Active,Sebastian Löwe
2026-02-10 09:44:46,Active,Charlotte Sjödell
2026-02-09 21:26:29,Active,Robin Holesinsky
2026-02-09 17:16:41,Active,Alexander Lunde
2026-02-09 06:13:49,Active,Mati Staniszewski
2026-02-05 10:24:00,Active,Thea Boje Windfeldt
2026-01-31 21:49:15,Active,Dorothea Gam
2026-01-30 16:46:09,Active,Avishay Cohen
2026-01-30 13:42:35,Active,Xiaoyang Hu
2026-01-27 18:09:54,Active,Michelle Wiltse
2026-01-24 22:52:36,Active,Ikon Eco
2026-01-21 16:17:55,Active,Josefine Duvander
2026-01-20 13:42:58,Active,Josefin Erséus
2026-01-15 10:45:42,Active,Grace Kwon
2026-01-05 12:11:29,Active,Jasmine Dahlberg
2025-12-31 19:26:22,Active,Sankalp Shubham
2025-12-26 16:36:46,Active,Erik Sundberg
2025-12-21 14:29:15,Active,Steve Cunningham
2025-12-05 21:14:10,Active,Jibril R
2025-12-04 13:01:53,Active,Dhruv Amin
2025-11-29 17:41:21,Active,Alen Faljic
2025-11-29 17:40:55,Active,Vannarot Roeung
2025-11-24 12:12:34,Active,Elin Amberg
2025-11-23 14:49:45,Active,Alex Claudovich
2025-11-21 13:55:13,Active,Oscar Berg
2025-11-19 10:13:26,Active,David Gheorghita
2025-11-18 18:34:50,Active,Johan Erfass
2025-11-18 09:52:01,Active,Caroline Da Silva
2025-11-17 08:45:55,Active,Rahul Lindberg Sen
2025-11-17 08:40:14,Active,Pontus Roos
2025-11-11 18:17:35,Active,Martin Svensson
2025-11-10 12:01:43,Active,Jason Liu
2025-11-06 09:06:41,Active,Leila Strebel
2025-11-05 09:54:34,Active,Richard Karlsson
2025-11-03 13:35:35,Active,Gleb Kuznetsov
2025-11-03 13:35:12,Active,Amy Luddington
2025-10-30 17:01:33,Active,Sara Davison
2025-10-29 15:44:22,Active,Tyler Fisk
2025-10-29 15:42:28,Active,Sundar  Pichai
2025-10-28 08:15:59,Active,Alexander Valente
2025-10-27 06:46:58,Active,Raksha T
2025-10-26 22:52:05,Active,Berulv Tøndel
2025-10-25 12:38:27,Active,R. Dilara Cumhur
2025-10-25 12:38:24,Active,Ian Wharton
2025-10-23 10:44:50,Active,Kevin D. Shields
2025-10-22 09:05:41,Active,Linas Beliūnas
2025-10-22 09:00:49,Active,Matt Graham 👨‍💻
2025-10-20 18:05:57,Active,Neil Hoyne
2025-10-20 07:53:36,Active,Dr. Liz Gerber
2025-10-17 05:36:30,Active,Yann LeCun
2025-10-17 05:36:27,Active,Paweł Huryn
2025-10-15 05:29:08,Active,Aakash Gupta
2025-10-14 06:57:12,Active,Tim Pettersson
2025-10-10 09:56:22,Active,Adam Österman
2025-10-08 15:15:48,Active,Gustav Thenander
2025-10-07 15:31:26,Active,Kate Syuma
2025-10-07 13:37:40,Active,Erik Gullstrand
2025-10-07 12:20:45,Unfollow,Felix Bergström
2025-10-06 12:19:48,Active,Jill Yoe Graves
2025-10-04 12:50:34,Active,Veronica Wallström
2025-10-01 13:11:58,Active,Magnus Burvall
2025-09-30 17:54:30,Active,Dr. Sasha Luccioni 🦋
2025-09-26 08:34:40,Active,Yoshio Goto
2025-09-26 08:34:09,Active,Sara Strömgren Yousef
2025-09-23 05:00:19,Active,frattz ㅤ
2025-09-19 05:12:49,Active,Eric Vyacheslav
2025-09-16 10:46:33,Active,Lindsey Edwards
2025-09-11 15:56:40,Active,Björn Hedensjö
2025-09-11 12:51:36,Unfollow,Jesse Saarinen
2025-09-05 14:21:45,Active,Amr Tahtawi
2025-09-05 14:21:25,Active,Rebecca Bultsma
2025-08-28 17:16:29,Active,Hannah Gutkauf
2025-08-28 05:40:03,Active,Grant Lee
2025-08-27 10:20:44,Active,Anton Larsson
2025-08-19 17:39:38,Active,Dimi Nikolaou
2025-08-15 20:50:35,Active,Jake Redmond
2025-08-01 19:07:06,Active,Mike Futia
2025-07-27 07:42:01,Active,Nick Curum
2025-07-23 07:55:58,Active,Suleiman Najim
2025-07-17 05:49:04,Active,Patrick Haede
2025-07-16 14:08:58,Active,Drew Brucker
2025-07-16 13:18:48,Active,Jordan Hughes
2025-07-12 17:16:18,Active,Annette  Magnusson
2025-07-10 12:24:39,Active,Rauno Freiberg
2025-07-06 10:19:08,Active,Martin Hýravý
2025-07-06 08:00:06,Active,Mads Heje Fuglsang
2025-07-04 21:03:12,Active,Eddie Yoon
2025-07-03 16:02:07,Active,Louis Gleeson
2025-07-03 16:01:30,Active,Jinyu Li
2025-07-01 16:05:37,Active,Daniela Kersting
2025-07-01 04:49:39,Active,Elliot Garreffa
2025-06-30 09:58:41,Active,Denis Bauer
2025-06-30 09:58:17,Active,Erica Clayton
2025-06-25 14:44:44,Active,Ricardo Luiz
2025-06-23 18:30:22,Active,Benjamin Benichou
2025-06-21 20:57:42,Active,Nina Jurcic
2025-06-19 19:45:04,Active,Namya Khan
2025-06-19 12:33:06,Active,Adam Varga
2025-06-18 11:15:04,Active,Ko Nakatsu
2025-06-18 07:14:17,Active,Artem Novitckii
2025-06-17 09:53:14,Active,Shannon Hilker
2025-06-15 19:38:11,Active,Angel Brodin
2025-06-14 06:46:13,Active,Andy Bateman
2025-06-14 06:45:40,Active,Mick McConnell
2025-06-13 10:29:56,Active,Anders Hansen
2025-06-13 09:36:43,Active,Olena Aleksandrova
2025-06-13 06:04:53,Active,Christian Mazzoleni
2025-06-12 16:04:29,Active,Isar Meitis
2025-06-12 15:55:16,Active,Rob Manzano
2025-06-12 15:05:20,Active,"Mohsen Rafiei, Ph.D."
2025-06-12 13:04:06,Active,Shiv-Rani Mistry
2025-06-12 10:53:39,Active,Erik Nylund
2025-06-12 09:36:30,Active,Hal Wuertz
2025-06-12 09:27:52,Active,Yiqi Zhao
2025-06-12 09:20:38,Active,George Gliddon
2025-06-12 05:37:30,Active,👨🏻‍💻 Andy Budd
2025-06-11 18:00:44,Active,Claire Vo
2025-06-10 18:31:39,Active,Maria Gharib
2025-06-10 18:31:10,Active,Korhan Buyukdemirci
2025-06-10 08:45:01,Active,John Grøtting
2025-06-09 19:31:23,Active,David Stinnette
2025-06-09 18:02:44,Active,Kim Hvidkjaer
2025-06-09 18:00:16,Active,"Zeineb CHABCHOUB (زَيْنَب شَبْشُوب), MBA"
2025-06-09 17:58:34,Active,Jeremy Miller
2025-06-09 15:02:10,Active,Isabelle Amazon-Brown
2025-06-08 17:34:15,Active,Ola Spännar
2025-06-08 15:11:33,Active,Daniel Ek
2025-06-08 15:11:30,Active,Billy Boman
2025-06-08 15:11:26,Active,Camilla Bergman
2025-06-08 15:11:22,Active,Johannes Hansen
2025-06-08 15:11:11,Active,"Silvia Bruegger, MS"
2025-06-08 07:05:39,Active,Phil Schroeder
2025-06-08 07:04:56,Active,Jason Barrie
2025-06-07 15:23:04,Active,Riikka Pello
2025-06-07 14:51:47,Active,Ivan Landabaso
2025-06-06 16:19:00,Active,Melanie Yencken
2025-06-06 09:24:35,Active,Abraham John
2025-06-06 09:24:33,Active,Nasir Uddin
2025-06-06 05:04:28,Active,Jesse Tinell
2025-06-05 16:07:51,Active,Andrea Risberg
2025-06-05 13:16:15,Active,Pavle Lucic
2025-06-05 13:16:07,Active,Justin Welsh
2025-06-05 09:01:15,Active,Aya Jaff
2025-06-04 19:50:01,Active,Tracey Tittle
2025-06-04 17:36:12,Active,Maria Sukhareva
2025-06-04 16:42:54,Active,Fanni Varga-Takacs
2025-06-04 12:16:13,Active,Tama Leaver
2025-06-04 12:13:34,Active,Nathan Hirsch
2025-06-04 11:54:54,Active,Janet Si-Ming Lee
2025-06-04 11:45:30,Active,Axelle Malek
2025-06-04 11:37:48,Active,Dane O'Leary 🍀
2025-06-04 07:28:14,Active,Cedar Jones
2025-06-04 04:00:11,Active,Lee Young
2025-06-03 18:14:03,Active,Meg Porter ✨
2025-06-03 17:08:22,Active,Jens Munk
2025-06-03 13:31:56,Active,Sami Gardner
2025-06-03 11:19:33,Active,Manuel Kistner
2025-06-03 10:03:34,Active,Ran Liu
2025-06-03 08:56:50,Active,Diego Rodríguez Martín
2025-05-30 08:02:54,Active,Ioana Teleanu
2025-05-30 07:40:41,Active,Rinor Restelica
2025-05-29 11:36:03,Active,Lena Kul
2025-05-28 06:59:25,Active,✍️Freddi Högabo
2025-05-28 06:30:33,Active,Scott McCarthy
2025-05-26 09:24:30,Active,David Pereira
2025-05-24 09:07:19,Active,Anna Kleinwichs Magnusson
2025-05-24 08:06:54,Active,Jenny Bergström
2025-05-23 14:57:53,Active,Michael Riddering
2025-05-23 12:55:18,Active,Anders Henke
2025-05-22 13:47:08,Active,Leo Kadieff
2025-05-22 09:02:20,Active,Ida Fritiofsson
2025-05-21 15:19:20,Active,Andrew Tindall
2025-05-21 12:36:27,Active,Tim Quirino
2025-05-21 03:04:23,Active,Karina Sirqueira
2025-05-21 02:27:02,Active,Jonas Bröms
2025-05-21 02:26:14,Active,Karina Sivolap
2025-05-21 02:25:40,Active,Felix Jönsson
2025-05-20 13:50:08,Active,Florian Boelter
2025-05-20 08:29:26,Active,Oliver Neutert
2025-05-20 08:27:21,Active,Clara Hawking
2025-05-19 12:04:40,Active,Mats Iremark
2025-05-18 14:00:44,Active,Jörgen Flink
2025-05-18 13:59:25,Active,Håkon Græsberg
2025-05-17 16:40:25,Active,Miggi from Figgi
2025-05-17 16:05:43,Active,Philip Alm
2025-05-17 16:02:25,Active,Edward Frank Morris
2025-05-16 18:12:51,Active,Niki Tisza
2025-05-16 18:02:30,Active,Frank Bentley
2025-05-16 18:00:19,Active,Felix Haas
2025-05-16 07:45:43,Active,Liam Ottley
2025-05-14 18:29:41,Active,Henry Shi
2025-05-14 09:07:48,Active,Sarah Lacroix
2025-05-13 08:37:23,Active,Emma Wolk
2025-05-13 08:35:32,Active,Allen Pike
2025-05-11 19:15:09,Active,Ben George
2025-05-11 15:53:26,Active,Steven Sommer
2025-05-09 15:43:48,Active,Joel Hellermark
2025-05-09 12:39:37,Active,Sofia Tegelid
2025-05-08 09:46:59,Active,Chris Webb
2025-05-06 19:33:07,Active,Davang Shah
2025-04-28 17:01:57,Active,Adam Tornhill
2025-04-28 06:05:56,Active,Pete Sena
2025-04-24 07:43:51,Active,Steven Bartlett
2025-04-23 11:58:36,Active,Klas Fjärstedt
2025-04-20 10:42:32,Active,Linnea Wiberg
2025-04-19 11:58:10,Active,Fredrik Hjelm
2025-04-18 10:25:40,Active,Robert Edvardsson
2025-04-17 17:21:56,Active,Emile van Bergen
2025-04-07 18:35:27,Active,Nicklas Hermansson
2025-04-06 16:12:45,Active,Ravi Popat
2025-04-06 13:16:09,Active,Katerina Kamprani
2025-04-06 13:15:49,Active,Lisa Cain
2025-04-06 12:32:46,Active,Henrik Kniberg
2025-04-01 18:39:37,Active,Neil Redding
2025-04-01 05:16:50,Active,Hamza Alsamraee
2025-03-26 15:26:59,Active,Kevin Stewart
2025-03-26 08:58:40,Active,Jack Dougall
2025-03-26 08:57:53,Active,Frank Holleman
2025-03-26 08:54:07,Active,Madelen Porserud
2025-03-25 06:42:05,Active,Charles Duhigg
2025-03-21 18:09:22,Active,Emma Kobylenski
2025-03-21 18:05:52,Active,Emma Nilsson
2025-03-19 10:33:30,Active,David Mařák
2025-03-18 21:16:11,Active,Felix Lebedinzew
2025-03-18 15:52:48,Active,Ellen Pettersson
2025-03-16 06:06:30,Active,Andrew Ng
2025-03-15 09:18:55,Active,Radha Vyas
2025-03-14 14:55:49,Active,Matthieu Lorrain
2025-03-13 19:20:00,Active,Adelina Arendarska
2025-03-13 10:30:18,Active,Tianyu Xu
2025-03-13 08:27:52,Active,David Kim
2025-03-13 08:20:34,Active,Karin Hamberg Stén
2025-03-12 08:42:35,Active,Christine  Vallaure de la Paz
2025-03-11 08:23:16,Active,Laura Evans-Hill
2025-03-10 10:55:41,Active,Ky Middlebrooks
2025-03-10 09:32:03,Active,Anton Osika
2025-03-10 09:31:59,Active,John Isaac
2025-03-10 09:15:46,Active,Matt LeMay
2025-03-10 08:57:42,Active,Marie-Doha Besancenot
2025-03-10 08:42:32,Active,Yuval Keshtcher ✍
2025-03-10 08:41:37,Active,Daniel Ferreira
2025-03-08 15:34:50,Active,Punit Chawla
2025-03-08 12:27:47,Active,Rowan Cheung
2025-03-07 15:03:49,Active,Ludovit Nastisin
2025-03-07 06:27:59,Active,Joel Fisher
2025-03-06 08:13:44,Active,Micaela Dixon
2025-03-06 08:13:23,Active,Simon Bromander
2025-03-03 17:10:26,Active,Rachel Rosenson
2025-03-03 16:59:17,Active,Hamna Aslam Kahn
2025-03-03 15:53:50,Active,Jacob Klug
2025-03-02 08:18:33,Active,Artiom Dashinsky
2025-03-02 06:26:34,Active,Peter Yang
2025-02-28 17:56:42,Active,CJ Jensen
2025-02-28 17:55:46,Active,Adam Fard
2025-02-25 21:43:18,Active,Liza Hansson
2025-02-25 16:18:33,Active,Denis Jeliazkov
2025-02-25 16:09:07,Active,Jeroen den Uijl
2025-02-25 10:10:07,Active,Carolina Posma
2025-02-23 20:37:21,Active,Bobby Moesta
2025-02-22 17:29:30,Active,Rasel Ahmed
2025-02-22 15:19:10,Active,Daniel Kvist
2025-02-21 19:35:55,Active,Marc Baselga
2025-02-21 17:47:51,Active,"Surinder Thakur, NN/g UXC • HFI CUA™ CDPA™"
2025-02-21 09:44:02,Active,Daniel Bustamante 🥷🏻
2025-02-19 19:56:04,Active,Dmitry Novikov
2025-02-19 16:47:22,Active,Kunal Sheth
2025-02-12 19:29:11,Active,Tomas de Souza
2025-02-05 15:12:48,Active,Kashif Mehmood Mughal
2025-02-05 09:20:46,Active,"Malia Hollowell, NBCT, M.Ed."
2025-02-01 22:04:15,Active,Daniele Catalanotto
2025-02-01 21:05:25,Active,Arash Gilan
2025-01-29 18:51:14,Active,Nadia Privalikhina
2025-01-28 18:44:10,Active,Simon Høiberg
2025-01-24 10:47:24,Active,Endrit Restelica
2025-01-23 11:14:08,Active,Leah Tharin
2025-01-19 19:44:12,Active,Elena Verna
2025-01-10 10:31:08,Active,Addy Osmani
2024-12-17 15:57:33,Unfollow,Marianna Salminen
2024-12-04 16:38:15,Active,Jen Blandos
2024-11-28 05:29:09,Active,Alex Banks
2024-11-22 06:34:08,Active,Tom Head
2024-11-07 20:23:20,Active,John Maeda
2024-11-06 11:08:45,Active,Alex Barashkov
2024-11-06 09:52:46,Active,Ebba Burenius
2024-11-04 19:55:53,Active,Kwame Nyanning
2024-11-01 09:26:08,Active,Anna Svanljung
2024-10-31 19:01:06,Active,David Bland
2024-10-31 17:04:41,Active,Adam Grant
2024-10-31 15:21:33,Active,Dr Philippa Hardman
2024-10-30 12:49:13,Active,Martin Johannessen
2024-10-30 10:08:28,Active,Mateusz Czajka
2024-10-30 07:54:57,Active,Laura Baker
2024-10-30 07:53:38,Active,Stellan Löfving
2024-10-29 18:19:41,Active,Mauricio Tonon
2024-10-29 06:14:18,Active,Ben van Sprundel
2024-10-28 11:34:48,Active,Armand Ruiz
2024-10-28 06:36:12,Active,Matilda Legeby
2024-10-27 13:41:22,Active,Leslie Witt
2024-10-26 12:31:43,Active,Dan Murray
2024-10-26 11:41:39,Active,Thomas Fogarasy
2024-10-26 09:04:02,Active,Felicia Holte
2024-10-25 09:14:15,Active,Patricia Reiners✨
2024-10-25 09:09:17,Active,Anette Erlich
2024-10-25 07:48:04,Active,James Martin
2024-10-24 15:05:06,Active,Palle Moesgaard Ryde
2024-10-24 14:48:17,Active,Jonathan Javier
2024-10-24 14:03:14,Active,Filippos Protogeridis
2024-10-24 13:36:12,Active,Brian Sykes
2024-10-24 11:25:07,Active,Sebastian Karlsson
2024-10-24 09:33:36,Active,Chien Pham
2024-10-24 09:16:04,Active,Dr. Dupe Burgess
2024-10-24 09:11:15,Active,David Larsson Heidenblad
2024-10-23 20:26:37,Active,Lance Weisser
2024-10-23 20:24:05,Active,Julian Arnold
2024-10-23 19:11:29,Active,Margaux Grasso (Lesaffre)
2024-10-23 17:28:43,Active,Ulrika Jonson
2024-10-23 17:28:41,Active,Sandra Wissting
2024-10-23 17:28:10,Active,Ozan Öztaskiran
2024-10-23 17:28:03,Active,Sil Bormüller
2024-10-23 17:27:49,Active,Hamed Yahyaei ✨✨
2024-10-23 16:54:13,Active,Dan Fitzpatrick
2024-10-23 12:38:42,Active,Chris Donnelly
2024-10-23 09:23:55,Active,Emelie Wahlström☀️
2024-10-23 05:22:57,Active,Martin Haerlin
2024-10-23 05:21:36,Active,Dan · Cariño
2024-10-21 19:39:13,Active,Elena Doms
2024-10-21 19:27:54,Active,Vijay Verma
2024-10-21 19:27:09,Active,Heather Murray
2024-10-19 12:02:34,Active,Rory Sutherland
2024-10-19 12:02:01,Active,Marc Harris
2024-10-19 09:15:00,Active,Sean McPheat
2024-10-16 19:27:19,Active,Ilia Werner
2024-10-16 13:53:04,Active,Jan Mráz
2024-10-16 06:58:38,Active,Kobi Gamliel
2024-10-15 19:28:53,Active,Alberto Sanchis
2024-10-15 19:25:29,Active,Reno Perry
2024-10-14 13:47:44,Active,Will McTighe
2024-10-14 13:19:29,Active,Oscar Haumann
2024-10-10 18:41:40,Active,Guillaume Hurbault
2024-10-09 19:30:36,Active,Marlene Kanto
2024-10-09 15:13:03,Active,John Cutler
2024-10-06 18:15:53,Active,Andreas Horn
2024-10-03 06:49:29,Active,Casey Hudetz
2024-09-30 19:13:07,Active,Rahim Hirji
2024-09-30 14:17:42,Active,Alex Örtegren
2024-09-23 11:50:59,Active,Nadia Rangsjö
2024-09-17 11:26:19,Active,Khizer Abbas
2024-09-16 19:26:00,Active,Björn Andersson
2024-09-16 10:58:57,Active,Dora Vanourek
2024-09-13 18:20:49,Active,"Daniel Karlsson, PhD"
2024-09-13 18:19:45,Active,Johan Wallquist
2024-09-13 17:03:06,Active,Alamin Hossain
2024-09-12 11:02:46,Active,Rohan Girdhani (The TechDoc)
2024-09-12 09:13:30,Active,Sejaal Tilwani
2024-09-10 13:43:49,Active,Nina Ullsten
2024-09-09 13:17:43,Active,Urvashi Kaushik
2024-09-08 18:10:34,Active,Troed Troedson
2024-09-06 12:07:07,Active,Chris Bradshaw 🤓
2024-09-05 19:21:29,Active,Zain Kahn
2024-09-05 13:38:17,Active,Jonas Bergman
2024-09-05 11:52:03,Active,Matthew Wemyss
2024-09-04 15:10:09,Active,Robert Yang
2024-09-04 14:13:50,Active,Magister Nordström
2024-09-04 14:12:09,Active,Emma Dominguez Egnell
2024-09-04 14:12:05,Active,Martin Howe
2024-09-04 14:11:59,Active,Andreas Skog
2024-09-04 09:56:33,Active,Jenny Westman
2024-09-03 16:05:41,Active,Ethan Mollick
2024-08-31 14:32:18,Active,Eric Partaker
2024-08-31 05:16:54,Active,Johan Ekroth
2024-08-25 16:44:10,Active,Rory  Flynn
2024-08-25 13:55:21,Active,Joel Rangsjö
2024-08-25 13:55:06,Active,Katarina Pietrzak
2024-08-13 17:09:37,Active,Adam Biddlecombe
2024-08-13 17:09:25,Active,Rebecca Courtney
2024-08-13 17:09:21,Active,Todd Wilkens
2024-08-08 09:01:02,Active,Allie K. Miller
2024-08-07 08:43:17,Active,Michael Skok
2024-07-29 20:41:03,Active,Kamil Banc
2024-07-29 20:05:29,Active,Dr. Alvaro Cintas
2024-07-29 06:48:48,Active,Joseph Louis Tan
2024-07-29 06:48:37,Active,Matt Przegietka
2024-07-23 08:36:37,Active,Elin Fritiofsson
2024-07-10 09:41:45,Active,Beth Havinga
2024-06-29 07:25:15,Active,Therése Lindgren
2024-06-23 12:37:00,Active,Leon Furze
2024-06-16 17:09:11,Active,Mathias Sundin
2024-06-15 08:58:53,Active,Matt Anderson
2024-05-26 11:01:00,Active,Robert Powell
2024-05-26 10:54:22,Active,Saumil Shrivastava
2024-04-23 05:42:04,Active,Anders Bjarby
2024-04-15 19:12:12,Active,Petter A. Stordalen
2024-04-15 19:12:05,Active,Tony Hammarlund
2024-03-11 17:53:18,Active,Mollie Cox ⚫️
2024-03-05 10:28:48,Active,Heleen Willemsen
2024-02-12 08:12:50,Active,Dalya Green
2024-02-06 08:20:48,Active,Filip Greš
2024-02-01 11:07:48,Active,Fredrik Ahlgren
2024-01-28 09:49:20,Active,Roberto Ferraro
2024-01-24 16:27:58,Active,Harrison Wheeler
2024-01-23 08:20:29,Active,Peter Hellgren
2024-01-22 06:54:38,Active,"Susan David, Ph.D."
2023-12-31 10:49:30,Active,Linda Öhling 🌱
2023-12-31 10:49:21,Active,Marty Cagan
2023-12-31 10:49:18,Active,David Heinemeier Hansson
2023-12-31 10:49:00,Active,Elaine Eksvärd
2023-12-19 12:07:26,Active,Johan Falk
2023-12-19 12:07:05,Active,Elin Bergman
2023-12-19 12:07:01,Active,Christopher Nguyen
2023-12-19 12:06:52,Active,Tommy Geoco
2023-12-18 09:30:29,Active,Susanne Fuglsang
2023-12-07 18:03:14,Unfollow,Mari Kiviniemi
2023-09-28 07:59:53,Active,David Rajakovich
2023-09-21 14:43:23,Unfollow,Lassi A. Liikkanen
2023-09-21 14:37:24,Unfollow,Minna Nurminen
2023-09-13 11:53:59,Active,Sinead Bovell
2023-09-04 07:29:05,Active,Tibi David
2023-08-30 08:38:41,Active,Saadia Minhas
2023-08-29 13:29:23,Active,Fedor Shkliarau
2023-08-28 15:38:13,Active,Louis Childs 🟠
2023-08-27 15:05:13,Active,Michal Malewicz
2023-08-27 15:05:02,Active,Dan Mall
2023-08-16 16:01:02,Active,Francisco Chimbo
2023-08-08 15:57:14,Active,Daniel Abrahams
2023-08-06 06:03:43,Active,Lora Kolodny
2023-08-01 13:00:47,Active,Dan Ariely
2023-07-31 13:08:09,Active,💡Stefan Mumaw
2023-07-06 07:49:36,Active,Jacob Harrison
2023-07-03 09:29:59,Active,"Debbie Levitt, MBA CPIC ACC"
2023-07-03 09:29:54,Active,Dan Winer
2023-07-02 08:03:11,Active,Adam Danyal
2023-07-01 14:52:03,Active,Martin Berg
2023-06-30 05:02:15,Active,Mike Monteiro
2023-06-29 19:49:18,Active,Iosif Gkinis
2023-06-29 12:09:15,Active,Dr. Joy Buolamwini
2023-06-27 16:22:37,Active,Jeff Gothelf
2023-06-27 10:06:29,Active,Melissa Perri
2023-06-25 18:14:17,Active,Marina Krutchinsky
2023-06-24 20:54:49,Active,Lubomila Jordanova
2023-06-21 15:14:18,Active,Murat Durmus
2023-06-15 12:07:34,Active,✨ Jennifer Blatz
2023-06-15 12:07:27,Active,Jakob Nielsen
2023-06-15 12:06:31,Active,Hanna Larsson
2023-06-13 17:51:53,Active,Trevor Nielsen
2023-06-13 16:54:02,Active,Viyan Portnoff
2023-06-13 10:47:47,Active,Ahmad Munawar
2023-06-12 10:26:19,Active,Ana Kristiansson
2023-06-09 17:28:32,Active,Vojtech Vosecky
2023-06-09 09:50:27,Active,Pål Annerström
2023-06-09 09:03:18,Active,Alexey Navolokin
2023-06-09 07:10:27,Active,Timothy Armoo
2023-06-09 07:04:43,Active,Awais Khan
2023-06-02 08:26:51,Active,Jonas ⚡ Hultenius
2023-05-23 10:59:07,Active,Rachel Tobac
2023-05-18 11:36:38,Active,Anna Kalm
2023-05-16 09:01:54,Active,Daniel Shapero
2023-05-13 07:42:58,Active,Julie Francis
2023-05-11 08:31:28,Active,Leah Zaidi
2023-05-11 07:31:48,Active,Åsa Holmberg
2023-05-10 11:26:06,Active,Mark Lewis
2023-04-29 11:29:20,Active,James Royal-Lawson
2023-04-29 11:29:06,Active,Amy Santee
2023-04-29 11:28:57,Active,Karin Lycke
2023-04-25 14:57:55,Active,Romina Kavcic
2023-04-18 13:14:08,Active,Jeff White
2023-04-14 16:08:13,Active,Peter Merholz
2023-03-29 11:02:46,Active,Aneta Kmiecik
2023-03-21 20:03:02,Active,Anna Hartvigsen
2023-03-20 08:53:00,Active,Don Norman
2023-03-17 21:05:44,Active,Adam Hunt
2023-03-11 17:52:56,Active,Nick Babich
2023-03-03 05:42:03,Active,Tim O'Neill
2023-02-25 08:23:09,Active,Ryan Rumsey
2023-02-23 10:37:04,Active,Hugo Gonçalves
2023-02-22 12:58:31,Active,Tony Robbins
2023-02-17 12:26:42,Active,Martin Zarian
2023-02-17 12:25:04,Active,Stéphanie Walter
2023-02-17 12:24:09,Active,Tom Scott
2023-02-15 10:47:07,Active,Louise Carlstedt (Copy-Lollo ✍🏼)
2023-02-15 08:50:30,Active,Yair Huerta
2023-02-15 07:59:38,Active,Lenny Rachitsky
2023-02-15 05:03:46,Active,David JP Phillips
2023-02-14 09:07:03,Active,Andrew Gazdecki
2023-02-13 12:28:32,Active,Mitchell Clements
2023-02-13 12:28:27,Active,⚡️Zander Whitehurst
2023-02-13 10:19:19,Active,Adham Dannaway
2023-02-13 09:31:45,Active,Stefanie Hauer
2023-02-13 09:29:15,Active,Enzo Avigo
2023-02-13 07:47:50,Active,Tommy Marshall
2023-02-12 18:56:26,Active,Ida Boman
2023-02-11 15:30:11,Active,Johanna Koistinen
2023-02-11 15:29:53,Active,Janina Malmgren
2023-02-11 07:43:05,Active,Sonia Tiwari
2023-02-10 12:15:25,Active,Peter Strömberg
2023-02-09 14:50:44,Active,Trina Moore Pervall
2023-02-08 10:05:38,Active,Linn Arledal
2023-02-05 16:18:47,Active,Eva Ekedahl
2023-02-05 16:18:40,Active,Anne Årneby
2023-02-05 08:57:34,Active,Julie Tkachuk
2023-02-05 07:38:27,Active,Paulina Modlitba
2023-02-05 06:25:39,Active,Fanny Widman
2023-01-31 11:18:52,Active,Subin Park
2023-01-30 10:36:51,Active,Nadia Elinbabi
2023-01-27 11:16:33,Active,Tom Goodwin
2023-01-27 10:41:16,Active,Vitaly Friedman
2023-01-27 09:25:21,Active,Wesley Lyne
2023-01-27 07:50:16,Active,Asaf Katz 🦦
2023-01-24 10:51:46,Active,Carl Pei
2023-01-24 10:51:42,Active,Sara Wimmercranz
2023-01-21 19:18:39,Active,Tony McGaharan
2023-01-21 12:08:50,Active,Sasa Spasic
2023-01-20 11:16:55,Active,Audrey Thouvenin
2023-01-19 12:13:13,Active,"Samantha North, PhD"
2023-01-19 11:52:40,Active,Jesper Kassling
2023-01-18 09:09:32,Active,Linus Ekenstam
2023-01-18 09:09:07,Active,Anna Swartling
2023-01-18 09:07:27,Active,Charlotta Rydholm
2023-01-17 09:19:12,Active,"Diana Rodgers, RD"
2023-01-17 08:59:58,Active,Joe Natoli
2023-01-17 08:59:47,Active,Sarah Doody
2023-01-17 08:59:45,Active,Tanner Christensen
2023-01-17 08:59:40,Active,Michelle Chin
2023-01-16 19:29:45,Active,Rich Nadworny
2023-01-16 10:44:32,Active,Eric Groza
2023-01-15 21:10:47,Active,Sam Szuchan
2023-01-11 19:38:44,Active,Scott Frothingham
2023-01-06 10:35:54,Active,Ingrid Dohme
2023-01-06 09:01:57,Active,Asti Pili
2023-01-06 06:19:46,Active,JJ Delgado
2023-01-05 09:32:50,Active,Shlomo Genchin
2023-01-04 15:55:39,Active,Felix Lee
2023-01-04 09:58:24,Active,Anna Kempe
2023-01-03 10:32:18,Active,Jeremy Somers
2022-12-28 13:07:37,Active,Jenny Theolin
2022-12-22 19:55:36,Active,Jake Knapp
2022-12-20 11:13:43,Active,Juan J. Ramirez
2022-12-14 12:49:00,Active,Erik Starck
2022-12-11 09:20:51,Unfollow,Alex Ewerlöf
2022-12-09 13:09:40,Active,Matilda Zimmerman
2022-12-08 13:02:26,Unfollow,Jerker Klang
2022-12-02 12:05:34,Active,Freddie Öst 🔥
2022-11-14 12:08:37,Active,Per Holknekt
2022-10-21 09:25:59,Unfollow,Marina Böhm
2022-09-28 08:00:46,Unfollow,👉🏼 Lars Peterstrand 🤗 Learnifier 🚀
2022-09-27 20:12:15,Unfollow,Rebecca Cannerfelt
2022-09-13 11:05:12,Unfollow,Elias Kanerva
2022-09-12 15:12:51,Unfollow,Joakim Svantesson
2022-09-12 07:34:32,Active,Kristin Kaspersen
2022-09-10 20:55:15,Unfollow,Diana Plantin
2022-09-06 14:26:58,Unfollow,Marcus Wilberg
2022-09-06 14:26:29,Unfollow,Mattias Borg
2022-08-11 15:10:26,Active,Elpida Tatidou
2022-08-03 06:43:54,Active,Teresa Torres
2022-07-26 18:09:43,Active,Anna Tebelius Bodin
2022-07-26 09:15:54,Unfollow,Joakim Herlin-Ljunglöf
2022-07-24 12:24:02,Active,Jen Briselli
2022-06-09 16:20:45,Active,Emanuel Karlsten
2022-06-08 10:17:08,Active,Carol Huang
2022-06-03 10:18:40,Active,Tove Bergman
2022-06-01 20:54:38,Active,David Martinez
2022-05-27 07:05:49,Active,Doug Collins
2022-05-21 11:51:45,Active,Ann Fernholm
2022-05-17 20:34:54,Active,Indi Young
2022-05-02 11:25:15,Active,Erik Widmark
2022-04-20 10:06:37,Unfollow,Amy Webb
2022-04-14 08:39:26,Active,Björn Rutholm
2022-03-27 12:14:10,Active,Erika Hall
2021-12-14 08:30:39,Unfollow,Malin Bryntesson
2021-11-22 16:35:28,Active,Aaron James
2021-08-10 09:54:39,Active,Satya Nadella
2021-08-10 09:54:33,Active,Tobias van Schneider
2021-07-31 17:11:19,Unfollow,Mauricio Gil-Angove
2021-06-10 08:14:48,Active,Jasmin Wallén
2021-05-08 06:08:37,Active,Maria Lydig
2021-04-08 08:07:58,Active,Sarah Gibbons
2021-04-08 08:07:48,Active,Simon Sinek
2021-03-19 15:52:12,Unfollow,Magnus Klahr
2020-12-17 08:08:27,Active,Chris Papastefanou
2020-11-14 07:22:25,Active,Rickard Wolrath
2020-11-03 08:10:40,Active,Scott Belsky
2020-10-28 09:07:57,Active,Johan Skoglöf
2020-06-26 10:33:37,Active,Josh Bersin
2020-02-12 21:44:02,Unfollow,Sofie Holmqvist Romero
2020-01-15 08:24:09,Active,Chris Do
2020-01-15 08:23:42,Active,Helene Westrin
2019-12-19 21:50:33,Active,Jason Fried
2019-11-30 09:45:31,Active,Fabio Moioli
2019-11-28 10:45:50,Active,UX Design Master
2019-11-06 14:12:15,Unfollow,Carl Nardini
2019-11-06 14:10:39,Unfollow,Pelle Englund
2019-10-14 20:20:07,Active,Andreas Melin
2014-02-20 00:00:00,Active,Tim Brown
2014-02-20 00:00:00,Active,Richard Branson
2014-02-20 00:00:00,Active,Bill Gates
2013-06-03 00:00:00,Active,Kevin Chou
2013-06-03 00:00:00,Unfollow,Guy Kawasaki
2013-05-07 00:00:00,Active,Gary Vaynerchuk
